566814,"Soccer"
566933,"Soccer"
566938,"Soccer"
566939,"Soccer"
569112,"Soccer"
569113,"Soccer"
569114,"Soccer"
569121,"Soccer"
569122,"Soccer"
569123,"Soccer"
569125,"Soccer"
569126,"Soccer"
569127,"Soccer"
569128,"Soccer"
569308,"Soccer"
569311,"Soccer"
569312,"Soccer"
569313,"Soccer"
569315,"Soccer"
569316,"Soccer"
569317,"Soccer"
569325,"Soccer"
569326,"Soccer"
569327,"Soccer"
569329,"Soccer"
569330,"Soccer"
569331,"Soccer"
569333,"Soccer"
569337,"Soccer"
569338,"Soccer"
569339,"Soccer"
569340,"Soccer"
569344,"Soccer"
569345,"Soccer"
569350,"Soccer"
569354,"Soccer"
569355,"Soccer"
569362,"Soccer"
569364,"Soccer"
569365,"Soccer"
569377,"Soccer"
569378,"Soccer"
569379,"Soccer"
569380,"Soccer"
569381,"Soccer"
569382,"Soccer"
569384,"Soccer"
569386,"Soccer"
569390,"Soccer"
569392,"Soccer"
569396,"Soccer"
569398,"Soccer"
569399,"Soccer"
569401,"Soccer"
569403,"Soccer"
569412,"Soccer"
569413,"Soccer"
569432,"Soccer"
569759,"Soccer"
569760,"Soccer"
569761,"Soccer"
569762,"Soccer"
569763,"Soccer"
569764,"Soccer"
569765,"Soccer"
569766,"Soccer"
569767,"Soccer"
569768,"Soccer"
569770,"Soccer"
569793,"Soccer"
569794,"Soccer"
569795,"Soccer"
569796,"Soccer"
569797,"Soccer"
569833,"Soccer"
569834,"Soccer"
569835,"Soccer"
569837,"Soccer"
569847,"Soccer"
569850,"Soccer"
569853,"Soccer"
569870,"Soccer"
569871,"Soccer"
569872,"Soccer"
569873,"Soccer"
569875,"Soccer"
569876,"Soccer"
569877,"Soccer"
569878,"Soccer"
569879,"Soccer"
569882,"Soccer"
569883,"Soccer"
569884,"Soccer"
569885,"Soccer"
569886,"Soccer"
569892,"Soccer"
569895,"Soccer"
569896,"Soccer"
569897,"Soccer"
569901,"Soccer"
569904,"Soccer"
569906,"Soccer"
569907,"Soccer"
569910,"Soccer"
569911,"Soccer"
569912,"Soccer"
569913,"Soccer"
569914,"Soccer"
569915,"Soccer"
569916,"Soccer"
569917,"Soccer"
569918,"Soccer"
569919,"Soccer"
569920,"Soccer"
569931,"Soccer"
569944,"Soccer"
569945,"Soccer"
569946,"Soccer"
569947,"Soccer"
569951,"Soccer"
569953,"Soccer"
569955,"Soccer"
569958,"Soccer"
569959,"Soccer"
569960,"Soccer"
569963,"Soccer"
569966,"Soccer"
569969,"Soccer"
569970,"Soccer"
569971,"Soccer"
569972,"Soccer"
570001,"Soccer"
570002,"Soccer"
570003,"Soccer"
570011,"Soccer"
570012,"Soccer"
570013,"Soccer"
570014,"Soccer"
570026,"Soccer"
570028,"Soccer"
570032,"Soccer"
570033,"Soccer"
570035,"Soccer"
570037,"Soccer"
570041,"Soccer"
570042,"Soccer"
570047,"Soccer"
570048,"Soccer"
570067,"Soccer"
570072,"Soccer"
570078,"Soccer"
570083,"Soccer"
570084,"Soccer"
570085,"Soccer"
570086,"Soccer"
570087,"Soccer"
570089,"Soccer"
570093,"Soccer"
570094,"Soccer"
570095,"Soccer"
570096,"Soccer"
570097,"Soccer"
570098,"Soccer"
570099,"Soccer"
570100,"Soccer"
570101,"Soccer"
570103,"Soccer"
570105,"Soccer"
570106,"Soccer"
570107,"Soccer"
570108,"Soccer"
570109,"Soccer"
570110,"Soccer"
570111,"Soccer"
570112,"Soccer"
570113,"Soccer"
570114,"Soccer"
570115,"Soccer"
570116,"Soccer"
570118,"Soccer"
570119,"Soccer"
570120,"Soccer"
570122,"Soccer"
570123,"Soccer"
570126,"Soccer"
570130,"Soccer"
570132,"Soccer"
570137,"Soccer"
570138,"Soccer"
570157,"Soccer"
570160,"Soccer"
570161,"Soccer"
570163,"Soccer"
570166,"Soccer"
570167,"Soccer"
570168,"Soccer"
570169,"Soccer"
570170,"Soccer"
570171,"Soccer"
570172,"Soccer"
570175,"Soccer"
570176,"Soccer"
570178,"Soccer"
570179,"Soccer"
570180,"Soccer"
570181,"Soccer"
570182,"Soccer"
570183,"Soccer"
570184,"Soccer"
570185,"Soccer"
570186,"Soccer"
570187,"Soccer"
570188,"Soccer"
570189,"Soccer"
570190,"Soccer"
570191,"Soccer"
570192,"Soccer"
570193,"Soccer"
570195,"Soccer"
570196,"Soccer"
570197,"Soccer"
570459,"Soccer"
570618,"Soccer"
570626,"Soccer"
571622,"Soccer"
571624,"Soccer"
571626,"Soccer"
571664,"Soccer"
571697,"Soccer"
571698,"Soccer"
571700,"Soccer"
571728,"Soccer"
571729,"Soccer"
572667,"Soccer"
572673,"Soccer"
572741,"Soccer"
572746,"Soccer"
572788,"Soccer"
572789,"Soccer"
572792,"Soccer"
573178,"Ice Hockey"
573179,"Ice Hockey"
573180,"Ice Hockey"
573980,"Soccer"
575143,"Soccer"
575928,"Soccer"
577312,"Soccer"
577487,"Soccer"
577488,"Soccer"
577489,"Soccer"
577490,"Soccer"
577492,"Soccer"
577493,"Soccer"
577867,"Basketball"
578326,"Basketball"
578327,"Basketball"
578329,"Basketball"
578384,"Volleyball"
578386,"Volleyball"
578389,"Volleyball"
578391,"Volleyball"
578767,"Soccer"
578768,"Soccer"
578774,"Soccer"
578775,"Soccer"
578776,"Soccer"
578781,"Soccer"
578782,"Soccer"
578856,"Soccer"
579870,"Ice Hockey"
579873,"Ice Hockey"
579874,"Ice Hockey"
579971,"Volleyball"
579972,"Volleyball"
579973,"Volleyball"
580002,"Soccer"
580146,"Volleyball"
580149,"Volleyball"
580152,"Volleyball"
580156,"Volleyball"
580178,"Basketball"
580283,"Ice Hockey"
580284,"Ice Hockey"
580394,"Basketball"
580395,"Basketball"
580484,"Volleyball"
580485,"Volleyball"
580486,"Volleyball"
580560,"Volleyball"
580561,"Volleyball"
580562,"Volleyball"
580563,"Volleyball"
580565,"Volleyball"
580566,"Volleyball"
580583,"Basketball"
580593,"Volleyball"
580595,"Volleyball"
580597,"Volleyball"
580598,"Volleyball"
580600,"Volleyball"
580602,"Volleyball"
580604,"Volleyball"
580606,"Volleyball"
580608,"Volleyball"
580609,"Volleyball"
580615,"Soccer"
580616,"Soccer"
580617,"Soccer"
580625,"Soccer"
580626,"Soccer"
580628,"Soccer"
580630,"Soccer"
580631,"Soccer"
580632,"Soccer"
580633,"Soccer"
580634,"Soccer"
580635,"Soccer"
580638,"Soccer"
580639,"Basketball"
580640,"Basketball"
580641,"Basketball"
580654,"Soccer"
580655,"Soccer"
580656,"Soccer"
580671,"Soccer"
580699,"Soccer"
580863,"Soccer"
580956,"Soccer"
580965,"Soccer"
581019,"Soccer"
581020,"Soccer"
581043,"Soccer"
581052,"Soccer"
581053,"Soccer"
581055,"Soccer"
581060,"Soccer"
581077,"Soccer"
581078,"Soccer"
581079,"Soccer"
581089,"Soccer"
581092,"Soccer"
581248,"Soccer"
581269,"Soccer"
581275,"Soccer"
581288,"Soccer"
581291,"Soccer"
581292,"Soccer"
581293,"Soccer"
581296,"Soccer"
581321,"Handball"
581325,"Soccer"
581329,"Soccer"
581350,"Soccer"
581358,"Basketball"
581359,"Basketball"
581365,"Basketball"
581375,"Soccer"
581378,"Soccer"
581392,"Soccer"
581394,"Soccer"
581425,"Soccer"
581439,"Soccer"
581440,"Soccer"
581650,"Volleyball"
581651,"Volleyball"
581663,"Ice Hockey"
581677,"Soccer"
581681,"Soccer"
581688,"Soccer"
581700,"Soccer"
581712,"Soccer"
581744,"Basketball"
581745,"Soccer"
581746,"Basketball"
581783,"Soccer"
581795,"Soccer"
581799,"Soccer"
581809,"Volleyball"
581810,"Volleyball"
581830,"Soccer"
581832,"Soccer"
581841,"Soccer"
581856,"Soccer"
581860,"Soccer"
581861,"Ice Hockey"
581864,"Soccer"
581865,"Soccer"
581868,"Soccer"
581880,"Soccer"
581895,"Soccer"
581900,"Soccer"
581901,"Soccer"
581905,"Soccer"
581918,"Soccer"
581920,"Soccer"
581923,"Soccer"
581938,"Soccer"
581939,"Soccer"
581942,"Soccer"
581946,"Soccer"
581947,"Soccer"
581948,"Soccer"
581949,"Soccer"
581950,"Soccer"
581952,"Soccer"
581957,"Soccer"
581959,"Basketball"
581960,"Volleyball"
581962,"Volleyball"
581965,"Soccer"
581985,"Soccer"
582014,"Soccer"
582247,"Soccer"
582256,"Soccer"
582273,"Soccer"
582280,"Soccer"
582319,"Soccer"
582320,"Soccer"
582321,"Soccer"
582322,"Soccer"
582323,"Soccer"
582328,"Ice Hockey"
582335,"Soccer"
582341,"Soccer"
582390,"Soccer"
582391,"Soccer"
582395,"Soccer"
582396,"Soccer"
582397,"Soccer"
582398,"Soccer"
582399,"Soccer"
582468,"Soccer"
582469,"Soccer"
582471,"Soccer"
582476,"Soccer"
582477,"Soccer"
582508,"Soccer"
582525,"Soccer"
582533,"Soccer"
582654,"Volleyball"
582701,"Volleyball"
582703,"Soccer"
